[
    {
      "productId": "1",
      "createdAt": "2024-05-26T12:00:00",
      "name": "Laptop ",
      "price": 1200.0,
      "discount": {
        "value": 100,
        "startDate": "2024-06-01T00:00:00",
        "endDate": "2024-06-30T23:59:59"
      },
      "description": "Powerful laptop with high performance. ",
      "reference": "REF-LAPTOP-007",
      "quantity": 50,
      "minimumQuantity": 5,
      "imagePaths": ["https://storage.googleapis.com/orderly-af56f.appspot.com/announcements%2F1254_1717493180270.PNG", "https://storage.googleapis.com/orderly-af56f.appspot.com/announcements%2F68_1717449806064.jpg"],
      "numberOfRates": 15,
      "rate": 4.7,
      "productsGroupId": "group-1"
    },
    {
      "productId": "2",
      "createdAt": "2024-05-25T15:30:00",
      "name": "Smartphone",
      "price": 800.0,
      "discount": null,
      "description": "High-end smartphone with advanced features.",
      "reference": "REF-SMARTPHONE-001",
      "quantity": 9,
      "minimumQuantity": 10,
      "imagePaths": ["https://storage.googleapis.com/orderly-af56f.appspot.com/announcements%2F68_1717449806064.jpg", "https://storage.googleapis.com/orderly-af56f.appspot.com/announcements%2F1254_1717493180270.PNG"],
      "numberOfRates": 25,
      "rate": 4.5,
      "productsGroupId": "group-1"
    },
    {
      "productId": "3",
      "createdAt": "2024-05-24T10:00:00",
      "name": "Dress",
      "price": 150.0,
      "discount": {
        "value": 20,
        "startDate": "2024-06-01T00:00:00",
        "endDate": "2024-06-05T23:59:59"
      },
      "description": "Elegant dress made from premium fabric.",
      "reference": "REF-DRESS-001",
      "quantity": 30,
      "minimumQuantity": 3,
      "imagePaths": ["https://storage.googleapis.com/orderly-af56f.appspot.com/announcements%2F68_1717449806064.jpg"],
      "numberOfRates": 12,
      "rate": 4.8,
      "productsGroupId": "group-2"
    },
    {
      "productId": "4",
      "createdAt": "2024-05-23T08:45:00",
      "name": "Watch",
      "price": 250.0,
      "discount": null,
      "description": "Luxury watch with Swiss movement.",
      "reference": "REF-WATCH-001",
      "quantity": 20,
      "minimumQuantity": 2,
      "imagePaths": ["https://storage.googleapis.com/orderly-af56f.appspot.com/announcements%2F1254_1717493180270.PNG", "https://storage.googleapis.com/orderly-af56f.appspot.com/announcements%2F68_1717449806064.jpg"],
      "numberOfRates": 5,
      "rate": 4.9,
      "productsGroupId": "group-2"
    },
    {
      "productId": "5",
      "createdAt": "2024-05-22T14:20:00",
      "name": "Sneakers",
      "price": 120.0,
      "discount": null,
      "description": "Comfortable sneakers for everyday use.",
      "reference": "REF-SNEAKERS-001",
      "quantity": 50,
      "minimumQuantity": 5,
      "imagePaths": ["https://storage.googleapis.com/orderly-af56f.appspot.com/announcements%2F68_1717449806064.jpg", "https://storage.googleapis.com/orderly-af56f.appspot.com/announcements%2F1254_1717493180270.PNG"],
      "numberOfRates": 18,
      "rate": 4.3,
      "productsGroupId": "group-3"
    }
  ]
  